run,gate,destination,terminal,walking_speed,congestion,stay_minutes,gate_change,trip_time,buffer,safe
1,GATE_D2,RESTROOM_T7,7,1.41,0.82,5,False,6.66,35,True
2,GATE_A3,RESTROOM_T8,8,1.41,1.33,17,False,19.01,35,True
3,GATE_A1,RESTROOM_T8,8,1.31,0.94,6,False,8.66,35,True
4,GATE_D1,SHAKE_SHACK_T7,7,1.66,0.92,11,True,16.82,35,True
5,GATE_C2,STARBUCKS_T5,5,1.87,1.09,8,False,11.68,35,True
6,GATE_D1,SHAKE_SHACK_T7,7,1.44,1.48,16,False,26.83,35,True
7,GATE_B2,STARBUCKS_T4,4,1.02,0.85,13,False,17.68,35,True
8,GATE_B3,STARBUCKS_T4,4,1.23,1.26,8,False,12.34,35,True
9,GATE_D2,SHAKE_SHACK_T7,7,1.72,1.07,13,False,17.64,35,True
10,GATE_C1,RESTROOM_T5,5,1.13,1.43,10,False,16.1,35,True
11,GATE_A1,RESTROOM_T8,8,1.76,1.44,15,False,18.06,35,True
12,GATE_D2,SHAKE_SHACK_T7,7,1.31,1.5,18,False,26.52,35,True
13,GATE_D2,SHAKE_SHACK_T7,7,1.45,0.93,19,False,23.8,35,True
14,GATE_D1,RESTROOM_T7,7,1.71,1.48,12,False,16.77,35,True
15,GATE_D1,RESTROOM_T7,7,1.6,1.28,17,False,21.41,35,True
16,GATE_D2,RESTROOM_T7,7,1.76,1.49,7,False,9.42,35,True
17,GATE_B3,MC_DONALDS_T4,4,1.58,0.93,18,False,22.95,35,True
18,GATE_B2,MC_DONALDS_T4,4,1.44,1.08,16,False,24.22,35,True
19,GATE_B1,RESTROOM_T4,4,1.47,0.96,19,False,21.53,35,True
20,GATE_A2,STARBUCKS_T8,8,1.7,1.01,6,False,10.66,35,True
21,GATE_A3,RESTROOM_T8,8,1.88,1.05,18,False,19.19,35,True
22,GATE_D2,RESTROOM_T7,7,1.25,1.27,6,False,8.91,35,True
23,GATE_C1,STARBUCKS_T5,5,1.38,1.19,13,False,20.73,35,True
24,GATE_D1,RESTROOM_T7,7,1.21,1.32,10,False,16.0,35,True
25,GATE_A2,STARBUCKS_T8,8,1.46,0.89,12,False,16.85,35,True
26,GATE_B3,MC_DONALDS_T4,4,0.98,0.94,19,False,27.09,35,True
27,GATE_A3,STARBUCKS_T8,8,1.34,1.44,5,False,11.38,35,True
28,GATE_D2,RESTROOM_T7,7,1.33,1.03,5,True,7.23,35,True
29,GATE_B3,STARBUCKS_T4,4,1.31,0.97,11,False,14.12,35,True
30,GATE_D1,SHAKE_SHACK_T7,7,1.15,0.99,12,False,21.07,35,True
31,GATE_A3,RESTROOM_T8,8,1.39,0.96,19,False,20.48,35,True
32,GATE_A2,RESTROOM_T8,8,1.34,1.05,6,False,7.52,35,True
33,GATE_A3,RESTROOM_T8,8,1.44,1.19,9,False,10.76,35,True
34,GATE_A1,STARBUCKS_T8,8,1.59,1.0,19,False,25.32,35,True
35,GATE_D2,SHAKE_SHACK_T7,7,1.35,1.38,7,False,14.64,35,True
36,GATE_B2,STARBUCKS_T4,4,1.05,1.28,13,False,19.94,35,True
37,GATE_C1,DUNKIN_T5,5,1.51,1.49,9,False,20.7,35,True
38,GATE_D2,SHAKE_SHACK_T7,7,1.5,0.94,19,False,23.68,35,True
39,GATE_B2,MC_DONALDS_T4,4,1.47,1.0,9,False,16.46,35,True
40,GATE_B1,STARBUCKS_T4,4,1.53,0.96,16,False,20.9,35,True
41,GATE_C1,STARBUCKS_T5,5,1.91,0.9,13,False,17.24,35,True
42,GATE_D1,SHAKE_SHACK_T7,7,1.23,0.95,9,False,17.16,35,True
43,GATE_D2,RESTROOM_T7,7,1.73,1.07,6,False,7.77,35,True
44,GATE_D1,RESTROOM_T7,7,1.1,1.45,11,False,18.3,35,True
45,GATE_C1,RESTROOM_T5,5,1.18,1.23,14,False,18.99,35,True
46,GATE_D1,RESTROOM_T7,7,1.37,1.27,18,True,23.09,35,True
47,GATE_C2,STARBUCKS_T5,5,1.65,1.19,7,False,11.51,35,True
48,GATE_D1,SHAKE_SHACK_T7,7,1.61,1.43,6,False,15.38,35,True
49,GATE_B1,STARBUCKS_T4,4,1.48,0.82,13,True,17.31,35,True
50,GATE_A2,RESTROOM_T8,8,1.25,1.14,10,False,11.78,35,True
51,GATE_B1,STARBUCKS_T4,4,1.62,1.29,18,True,24.17,35,True
52,GATE_C2,RESTROOM_T5,5,1.32,1.05,13,False,15.28,35,True
53,GATE_C2,RESTROOM_T5,5,1.43,0.81,19,False,20.61,35,True
54,GATE_A1,STARBUCKS_T8,8,1.8,0.83,15,False,19.6,35,True
55,GATE_A1,STARBUCKS_T8,8,1.7,1.35,15,False,22.99,35,True
56,GATE_D1,SHAKE_SHACK_T7,7,1.53,1.25,16,False,24.59,35,True
57,GATE_B2,STARBUCKS_T4,4,1.55,1.07,18,False,21.93,35,True
58,GATE_A3,STARBUCKS_T8,8,1.65,1.42,9,False,14.12,35,True
59,GATE_C2,RESTROOM_T5,5,1.33,0.83,7,False,8.77,35,True
60,GATE_C1,STARBUCKS_T5,5,1.59,1.05,13,False,18.93,35,True
61,GATE_A2,RESTROOM_T8,8,1.4,1.2,16,False,17.67,35,True
62,GATE_C2,RESTROOM_T5,5,1.49,0.81,16,False,17.55,35,True
63,GATE_B1,RESTROOM_T4,4,1.83,1.05,17,False,19.23,35,True
64,GATE_C2,STARBUCKS_T5,5,1.62,1.0,20,True,23.88,35,True
65,GATE_D1,RESTROOM_T7,7,1.21,0.86,5,False,8.93,35,True
66,GATE_D1,SHAKE_SHACK_T7,7,1.1,1.04,17,False,26.99,35,True
67,GATE_D2,SHAKE_SHACK_T7,7,1.61,1.08,9,False,13.98,35,True
68,GATE_D2,SHAKE_SHACK_T7,7,1.47,1.26,9,False,15.42,35,True
69,GATE_D2,SHAKE_SHACK_T7,7,1.3,1.02,14,False,19.85,35,True
70,GATE_A2,RESTROOM_T8,8,1.63,0.83,15,False,15.99,35,True
71,GATE_D1,RESTROOM_T7,7,1.35,1.45,11,True,16.91,35,True
72,GATE_D2,SHAKE_SHACK_T7,7,1.64,1.36,17,True,23.16,35,True
73,GATE_A1,RESTROOM_T8,8,0.88,1.04,15,False,19.42,35,True
74,GATE_B3,STARBUCKS_T4,4,1.84,1.17,13,False,15.69,35,True
75,GATE_B2,STARBUCKS_T4,4,1.56,1.31,7,False,11.76,35,True
76,GATE_D1,SHAKE_SHACK_T7,7,1.1,1.08,7,False,17.4,35,True
77,GATE_A1,STARBUCKS_T8,8,1.3,1.44,14,True,25.06,35,True
78,GATE_B1,MC_DONALDS_T4,4,1.59,1.23,11,False,21.56,35,True
79,GATE_D1,RESTROOM_T7,7,1.68,1.24,6,False,10.06,35,True
80,GATE_D2,SHAKE_SHACK_T7,7,1.62,1.49,13,False,19.85,35,True
81,GATE_D1,RESTROOM_T7,7,1.63,0.99,5,True,8.34,35,True
82,GATE_D2,SHAKE_SHACK_T7,7,1.53,1.27,20,False,26.2,35,True
83,GATE_D2,SHAKE_SHACK_T7,7,1.49,1.37,6,False,12.87,35,True
84,GATE_A2,RESTROOM_T8,8,0.5,1.26,6,False,10.91,35,True
85,GATE_C2,DUNKIN_T5,5,1.16,1.18,7,False,16.05,35,True
86,GATE_C2,RESTROOM_T5,5,0.79,0.92,8,False,11.32,35,True
87,GATE_A3,STARBUCKS_T8,8,1.53,1.3,9,False,14.06,35,True
88,GATE_D1,RESTROOM_T7,7,1.47,0.91,8,True,11.44,35,True
89,GATE_B2,RESTROOM_T4,4,1.62,1.37,13,False,14.78,35,True
90,GATE_A1,RESTROOM_T8,8,1.23,1.06,20,False,23.2,35,True
91,GATE_A1,STARBUCKS_T8,8,1.65,1.24,8,False,15.54,35,True
92,GATE_D1,RESTROOM_T7,7,1.55,1.2,12,False,16.27,35,True
93,GATE_B1,STARBUCKS_T4,4,1.37,1.39,9,False,16.91,35,True
94,GATE_D2,RESTROOM_T7,7,1.11,0.8,14,False,16.06,35,True
95,GATE_D1,SHAKE_SHACK_T7,7,1.44,1.12,9,False,17.19,35,True
96,GATE_C3,DUNKIN_T5,5,1.5,1.21,9,False,13.88,35,True
97,GATE_A3,STARBUCKS_T8,8,1.9,1.06,12,True,15.31,35,True
98,GATE_D2,RESTROOM_T7,7,1.65,0.81,13,False,14.41,35,True
99,GATE_B2,MC_DONALDS_T4,4,1.28,1.36,8,True,19.72,35,True
100,GATE_B1,STARBUCKS_T4,4,1.27,1.3,15,False,23.01,35,True
101,GATE_A3,RESTROOM_T8,8,1.11,1.11,8,False,10.15,35,True
102,GATE_D1,RESTROOM_T7,7,1.18,1.44,14,False,20.72,35,True
103,GATE_B1,RESTROOM_T4,4,1.64,1.11,15,True,17.63,35,True
104,GATE_A1,STARBUCKS_T8,8,1.42,1.0,16,False,23.1,35,True
105,GATE_A3,RESTROOM_T8,8,1.31,1.2,17,True,18.96,35,True
106,GATE_A1,RESTROOM_T8,8,1.43,0.99,5,False,7.56,35,True
107,GATE_A3,RESTROOM_T8,8,1.53,0.9,19,False,20.25,35,True
108,GATE_D1,RESTROOM_T7,7,1.75,0.99,17,False,20.14,35,True
109,GATE_C2,STARBUCKS_T5,5,1.02,1.37,19,False,27.46,35,True
110,GATE_C3,DUNKIN_T5,5,1.07,0.95,12,False,17.33,35,True
111,GATE_B1,MC_DONALDS_T4,4,1.65,1.49,5,False,17.3,35,True
112,GATE_C2,DUNKIN_T5,5,1.3,0.95,15,False,21.54,35,True
113,GATE_C1,STARBUCKS_T5,5,1.46,0.98,13,False,18.98,35,True
114,GATE_B1,STARBUCKS_T4,4,1.02,1.36,8,False,18.31,35,True
115,GATE_B3,STARBUCKS_T4,4,1.36,1.0,13,False,16.09,35,True
116,GATE_D1,RESTROOM_T7,7,1.63,1.36,14,False,18.61,35,True
117,GATE_A3,RESTROOM_T8,8,1.59,0.9,10,False,11.21,35,True
118,GATE_A2,RESTROOM_T8,8,1.46,1.26,10,False,11.67,35,True
119,GATE_B3,STARBUCKS_T4,4,1.76,1.13,11,True,13.71,35,True
120,GATE_B1,STARBUCKS_T4,4,1.41,0.91,9,True,14.06,35,True
121,GATE_B3,RESTROOM_T4,4,1.67,1.0,7,False,8.7,35,True
122,GATE_A2,STARBUCKS_T8,8,1.49,1.37,11,False,18.3,35,True
123,GATE_B2,STARBUCKS_T4,4,1.66,1.15,15,False,18.92,35,True
124,GATE_C3,STARBUCKS_T5,5,1.7,1.34,8,False,11.21,35,True
125,GATE_A3,STARBUCKS_T8,8,1.42,1.33,8,False,13.57,35,True
126,GATE_C3,DUNKIN_T5,5,2.03,1.47,15,False,19.37,35,True
127,GATE_D2,RESTROOM_T7,7,1.78,0.83,11,False,12.34,35,True
128,GATE_D2,SHAKE_SHACK_T7,7,1.3,1.31,10,False,17.48,35,True
129,GATE_A2,RESTROOM_T8,8,1.33,1.26,8,False,9.85,35,True
130,GATE_A2,RESTROOM_T8,8,1.31,1.15,5,False,6.7,35,True
131,GATE_B1,STARBUCKS_T4,4,1.68,0.98,11,True,15.52,35,True
132,GATE_A1,STARBUCKS_T8,8,1.56,1.08,20,False,26.95,35,True
133,GATE_C2,STARBUCKS_T5,5,1.87,1.03,13,True,16.45,35,True
134,GATE_D2,RESTROOM_T7,7,1.29,1.49,19,False,22.33,35,True
135,GATE_A1,STARBUCKS_T8,8,1.44,1.36,8,True,17.47,35,True
136,GATE_B2,STARBUCKS_T4,4,1.24,1.06,6,False,10.86,35,True
137,GATE_B1,STARBUCKS_T4,4,1.52,1.25,14,False,20.4,35,True
138,GATE_D1,SHAKE_SHACK_T7,7,1.3,1.17,18,False,27.52,35,True
139,GATE_B3,MC_DONALDS_T4,4,1.17,1.15,10,False,18.27,35,True
140,GATE_A2,STARBUCKS_T8,8,1.63,1.44,9,False,15.95,35,True
141,GATE_B1,STARBUCKS_T4,4,1.24,1.09,18,False,24.81,35,True
142,GATE_B2,MC_DONALDS_T4,4,1.37,1.35,6,False,16.8,35,True
143,GATE_B1,STARBUCKS_T4,4,1.68,0.91,10,False,14.22,35,True
144,GATE_D1,RESTROOM_T7,7,1.08,1.17,17,False,22.96,35,True
145,GATE_A3,STARBUCKS_T8,8,1.57,1.18,20,False,24.44,35,True
146,GATE_A2,RESTROOM_T8,8,1.56,1.03,6,False,7.28,35,True
147,GATE_C2,RESTROOM_T5,5,1.61,0.84,8,False,9.49,35,True
148,GATE_C2,DUNKIN_T5,5,1.1,0.83,8,False,14.69,35,True
149,GATE_C1,RESTROOM_T5,5,1.21,1.03,18,False,22.09,35,True
150,GATE_D1,SHAKE_SHACK_T7,7,1.64,1.47,8,False,17.49,35,True
151,GATE_D1,SHAKE_SHACK_T7,7,1.61,0.96,13,False,19.3,35,True
152,GATE_A3,STARBUCKS_T8,8,1.68,1.02,11,False,14.61,35,True
153,GATE_C3,RESTROOM_T5,5,1.34,0.84,16,False,18.1,35,True
154,GATE_A2,RESTROOM_T8,8,1.45,1.09,7,False,8.47,35,True
155,GATE_A1,STARBUCKS_T8,8,1.13,0.86,9,False,16.66,35,True
156,GATE_A3,RESTROOM_T8,8,1.37,1.18,10,False,11.84,35,True
157,GATE_A3,RESTROOM_T8,8,1.04,1.04,20,True,22.14,35,True
158,GATE_A3,RESTROOM_T8,8,1.52,1.13,6,False,7.59,35,True
159,GATE_A3,STARBUCKS_T8,8,1.49,0.81,15,False,18.21,35,True
160,GATE_A3,STARBUCKS_T8,8,1.32,1.34,19,False,25.02,35,True
161,GATE_D2,RESTROOM_T7,7,1.42,1.07,20,False,22.15,35,True
162,GATE_B2,RESTROOM_T4,4,1.21,0.95,13,False,14.66,35,True
163,GATE_B2,STARBUCKS_T4,4,1.77,1.34,9,False,13.29,35,True
164,GATE_A2,STARBUCKS_T8,8,1.09,1.17,19,False,27.42,35,True
165,GATE_C3,RESTROOM_T5,5,1.6,1.03,18,False,20.16,35,True
166,GATE_A1,STARBUCKS_T8,8,1.33,1.34,17,False,27.12,35,True
167,GATE_C3,RESTROOM_T5,5,1.9,1.28,10,False,12.24,35,True
168,GATE_D1,SHAKE_SHACK_T7,7,1.6,0.98,8,False,14.47,35,True
169,GATE_A3,RESTROOM_T8,8,1.35,1.47,10,False,12.33,35,True
170,GATE_B1,RESTROOM_T4,4,0.96,1.29,8,False,13.22,35,True
171,GATE_C3,STARBUCKS_T5,5,1.43,1.3,10,False,13.7,35,True
172,GATE_B3,RESTROOM_T4,4,1.13,0.92,5,False,7.29,35,True
173,GATE_A1,STARBUCKS_T8,8,1.76,1.45,14,False,22.22,35,True
174,GATE_A2,STARBUCKS_T8,8,1.38,0.8,15,False,19.58,35,True
175,GATE_C3,DUNKIN_T5,5,1.67,1.22,14,False,18.38,35,True
176,GATE_C2,STARBUCKS_T5,5,1.11,1.49,16,False,24.4,35,True
177,GATE_A3,RESTROOM_T8,8,1.14,1.19,9,False,11.22,35,True
178,GATE_A3,STARBUCKS_T8,8,1.3,0.9,13,False,17.09,35,True
179,GATE_D2,RESTROOM_T7,7,1.14,1.49,19,False,22.73,35,True
180,GATE_D1,RESTROOM_T7,7,1.04,1.22,6,False,12.45,35,True
181,GATE_C2,STARBUCKS_T5,5,1.08,1.39,20,False,28.05,35,True
182,GATE_D1,RESTROOM_T7,7,1.48,1.32,6,False,10.93,35,True
183,GATE_C1,DUNKIN_T5,5,1.29,0.83,19,True,26.58,35,True
184,GATE_C1,STARBUCKS_T5,5,1.97,1.41,20,False,26.41,35,True
185,GATE_C2,DUNKIN_T5,5,2.04,1.31,17,False,22.73,35,True
186,GATE_D1,SHAKE_SHACK_T7,7,1.49,0.85,19,False,24.99,35,True
187,GATE_C3,RESTROOM_T5,5,1.44,0.83,17,True,18.93,35,True
188,GATE_B2,MC_DONALDS_T4,4,1.04,1.17,6,False,18.44,35,True
189,GATE_C3,RESTROOM_T5,5,1.28,1.2,7,False,10.14,35,True
190,GATE_B3,STARBUCKS_T4,4,1.4,1.45,10,True,14.36,35,True
191,GATE_C1,DUNKIN_T5,5,1.46,0.99,17,True,25.04,35,True
192,GATE_A2,RESTROOM_T8,8,1.7,0.98,18,False,19.12,35,True
193,GATE_B3,MC_DONALDS_T4,4,1.7,1.11,14,False,19.51,35,True
194,GATE_B3,MC_DONALDS_T4,4,1.17,1.01,5,False,12.34,35,True
195,GATE_D1,RESTROOM_T7,7,1.42,1.23,13,False,17.76,35,True
196,GATE_D2,RESTROOM_T7,7,1.62,0.92,11,False,12.62,35,True
197,GATE_D2,RESTROOM_T7,7,1.39,1.24,5,False,7.57,35,True
198,GATE_A3,STARBUCKS_T8,8,1.46,1.23,14,False,18.97,35,True
199,GATE_C1,STARBUCKS_T5,5,1.25,0.81,15,False,20.85,35,True
200,GATE_A1,RESTROOM_T8,8,1.68,0.87,17,False,18.94,35,True
201,GATE_C1,RESTROOM_T5,5,1.34,0.97,15,True,18.48,35,True
202,GATE_A3,RESTROOM_T8,8,1.53,1.38,6,False,7.92,35,True
203,GATE_D1,SHAKE_SHACK_T7,7,1.07,0.86,6,False,14.49,35,True
204,GATE_A2,STARBUCKS_T8,8,1.45,1.23,9,False,15.68,35,True
205,GATE_A1,STARBUCKS_T8,8,1.45,0.92,6,False,12.36,35,True
206,GATE_A3,STARBUCKS_T8,8,1.12,1.32,9,False,15.95,35,True
207,GATE_C2,STARBUCKS_T5,5,1.35,1.46,18,False,24.84,35,True
208,GATE_A3,STARBUCKS_T8,8,1.37,1.36,13,False,18.9,35,True
209,GATE_C3,STARBUCKS_T5,5,1.39,1.13,5,False,8.31,35,True
210,GATE_C1,DUNKIN_T5,5,1.4,1.38,16,False,27.65,35,True
211,GATE_D2,RESTROOM_T7,7,1.22,1.05,15,True,17.47,35,True
212,GATE_A3,RESTROOM_T8,8,1.54,1.02,14,True,15.41,35,True
213,GATE_C3,DUNKIN_T5,5,1.3,1.01,18,False,22.7,35,True
214,GATE_D2,RESTROOM_T7,7,1.26,1.21,6,False,8.74,35,True
215,GATE_A1,STARBUCKS_T8,8,1.22,1.21,19,False,28.91,35,True
216,GATE_C1,RESTROOM_T5,5,0.9,1.5,5,True,13.04,35,True
217,GATE_C1,DUNKIN_T5,5,1.21,1.39,11,False,24.61,35,True
218,GATE_D1,RESTROOM_T7,7,1.19,1.31,7,False,13.06,35,True
219,GATE_D2,RESTROOM_T7,7,1.32,0.99,17,False,19.15,35,True
220,GATE_A3,RESTROOM_T8,8,1.05,1.42,7,False,9.88,35,True
221,GATE_C1,STARBUCKS_T5,5,0.98,1.24,13,False,24.38,35,True
222,GATE_A1,RESTROOM_T8,8,1.46,1.26,13,False,16.2,35,True
223,GATE_C1,DUNKIN_T5,5,1.32,1.42,12,False,24.72,35,True
224,GATE_C3,DUNKIN_T5,5,1.0,0.87,13,True,18.19,35,True
225,GATE_B2,STARBUCKS_T4,4,1.19,1.43,8,False,14.78,35,True
226,GATE_C2,STARBUCKS_T5,5,1.02,1.17,11,False,18.23,35,True
227,GATE_C1,DUNKIN_T5,5,1.57,0.94,20,False,27.07,35,True
228,GATE_A2,RESTROOM_T8,8,1.11,1.36,10,False,12.38,35,True
229,GATE_B1,STARBUCKS_T4,4,1.56,0.88,20,True,24.4,35,True
230,GATE_C2,RESTROOM_T5,5,1.17,1.38,5,False,8.36,35,True
231,GATE_C2,RESTROOM_T5,5,1.4,0.96,14,False,15.94,35,True
232,GATE_C1,RESTROOM_T5,5,1.45,1.32,19,False,23.39,35,True
233,GATE_A1,RESTROOM_T8,8,1.0,1.03,14,False,17.85,35,True
234,GATE_D2,SHAKE_SHACK_T7,7,1.38,1.42,9,False,16.66,35,True
235,GATE_A3,RESTROOM_T8,8,1.48,1.23,18,False,19.78,35,True
236,GATE_A3,RESTROOM_T8,8,1.59,1.28,6,True,7.71,35,True
237,GATE_C2,DUNKIN_T5,5,1.47,0.85,19,True,24.16,35,True
238,GATE_B3,RESTROOM_T4,4,1.38,1.06,19,False,21.18,35,True
239,GATE_B2,STARBUCKS_T4,4,1.24,0.82,5,False,8.76,35,True
240,GATE_B2,RESTROOM_T4,4,1.22,0.81,15,False,16.4,35,True
241,GATE_A3,RESTROOM_T8,8,1.5,1.47,19,False,21.1,35,True
242,GATE_B3,MC_DONALDS_T4,4,1.73,0.92,5,False,9.51,35,True
243,GATE_C3,DUNKIN_T5,5,1.18,0.87,11,False,15.4,35,True
244,GATE_D1,SHAKE_SHACK_T7,7,1.64,1.03,8,False,14.62,35,True
245,GATE_B1,MC_DONALDS_T4,4,1.0,1.24,16,True,32.89,35,True
246,GATE_C1,DUNKIN_T5,5,1.51,1.26,14,True,23.86,35,True
247,GATE_A2,RESTROOM_T8,8,1.86,1.23,15,False,16.28,35,True
248,GATE_C2,RESTROOM_T5,5,1.1,1.19,20,False,23.08,35,True
249,GATE_D1,SHAKE_SHACK_T7,7,1.04,0.83,19,False,27.45,35,True
250,GATE_B2,STARBUCKS_T4,4,1.22,1.23,7,False,12.72,35,True
251,GATE_B3,RESTROOM_T4,4,1.6,1.26,6,False,8.22,35,True
252,GATE_A3,RESTROOM_T8,8,1.79,1.18,10,True,11.41,35,True
253,GATE_B1,RESTROOM_T4,4,1.45,1.06,13,False,15.84,35,True
254,GATE_D2,RESTROOM_T7,7,1.53,1.12,20,False,22.1,35,True
255,GATE_B2,RESTROOM_T4,4,1.52,1.25,14,False,15.74,35,True
256,GATE_C1,DUNKIN_T5,5,1.69,0.89,16,False,22.26,35,True
257,GATE_B2,MC_DONALDS_T4,4,1.73,1.19,5,True,12.53,35,True
258,GATE_D2,SHAKE_SHACK_T7,7,1.66,0.94,19,False,23.23,35,True
259,GATE_C2,STARBUCKS_T5,5,1.96,0.99,10,True,13.18,35,True
260,GATE_C2,STARBUCKS_T5,5,1.37,1.44,12,False,18.61,35,True
261,GATE_C2,RESTROOM_T5,5,1.19,1.43,8,True,11.42,35,True
262,GATE_C2,STARBUCKS_T5,5,1.39,0.84,13,False,16.79,35,True
263,GATE_D2,SHAKE_SHACK_T7,7,1.32,0.92,17,False,22.16,35,True
264,GATE_A1,STARBUCKS_T8,8,1.2,0.94,6,False,13.87,35,True
265,GATE_B3,STARBUCKS_T4,4,1.23,1.43,6,False,10.93,35,True
266,GATE_D1,SHAKE_SHACK_T7,7,1.39,0.99,11,False,18.5,35,True
267,GATE_A1,STARBUCKS_T8,8,1.38,1.33,13,False,22.66,35,True
268,GATE_A1,RESTROOM_T8,8,1.5,0.8,11,False,12.99,35,True
269,GATE_B1,MC_DONALDS_T4,4,0.97,1.2,18,False,34.8,35,True
270,GATE_D2,SHAKE_SHACK_T7,7,1.43,0.9,16,False,20.71,35,True
271,GATE_C1,RESTROOM_T5,5,1.25,0.97,13,False,16.73,35,True
272,GATE_A3,RESTROOM_T8,8,1.54,1.41,14,False,15.95,35,True
273,GATE_A3,STARBUCKS_T8,8,1.18,1.46,14,False,21.34,35,True
274,GATE_C1,RESTROOM_T5,5,1.11,1.39,20,False,26.01,35,True
275,GATE_D2,SHAKE_SHACK_T7,7,1.24,1.27,11,True,18.62,35,True
276,GATE_A1,STARBUCKS_T8,8,1.42,1.32,7,False,16.28,35,True
277,GATE_A1,RESTROOM_T8,8,1.55,1.3,14,False,17.11,35,True
278,GATE_D2,RESTROOM_T7,7,1.08,0.84,11,False,13.24,35,True
279,GATE_C2,RESTROOM_T5,5,1.37,1.05,11,False,13.19,35,True
280,GATE_C2,STARBUCKS_T5,5,0.81,0.97,7,False,14.57,35,True
281,GATE_A3,RESTROOM_T8,8,1.25,1.21,7,False,9.06,35,True
282,GATE_B3,MC_DONALDS_T4,4,0.94,1.32,15,False,26.86,35,True
283,GATE_B1,MC_DONALDS_T4,4,1.22,1.19,17,True,30.3,35,True
284,GATE_A3,STARBUCKS_T8,8,1.07,1.43,14,False,21.91,35,True
285,GATE_C1,DUNKIN_T5,5,1.33,1.04,19,False,28.23,35,True
286,GATE_B3,RESTROOM_T4,4,1.5,1.15,14,False,16.17,35,True
287,GATE_C1,DUNKIN_T5,5,1.12,1.32,20,False,33.89,35,True
288,GATE_C1,RESTROOM_T5,5,1.32,0.93,8,False,11.4,35,True
289,GATE_C2,RESTROOM_T5,5,0.93,1.17,11,False,14.58,35,True
290,GATE_C2,STARBUCKS_T5,5,1.54,1.21,12,True,16.94,35,True
291,GATE_D2,SHAKE_SHACK_T7,7,1.13,1.35,11,True,19.89,35,True
292,GATE_C2,STARBUCKS_T5,5,1.94,0.99,9,False,12.2,35,True
293,GATE_C1,DUNKIN_T5,5,1.3,0.83,19,False,26.56,35,True
294,GATE_C3,RESTROOM_T5,5,1.39,1.1,14,False,16.64,35,True
295,GATE_B2,STARBUCKS_T4,4,1.61,1.06,10,True,13.72,35,True
296,GATE_C2,DUNKIN_T5,5,1.25,1.46,19,False,29.42,35,True
297,GATE_B3,MC_DONALDS_T4,4,1.45,0.86,17,False,22.02,35,True
298,GATE_A2,RESTROOM_T8,8,1.51,1.16,9,False,10.5,35,True
299,GATE_B2,MC_DONALDS_T4,4,1.09,1.1,18,False,29.07,35,True
300,GATE_A2,RESTROOM_T8,8,0.78,0.92,15,False,17.29,35,True
301,GATE_D2,SHAKE_SHACK_T7,7,1.43,1.0,12,True,17.22,35,True
302,GATE_A3,STARBUCKS_T8,8,1.39,1.42,11,False,17.06,35,True
303,GATE_A3,STARBUCKS_T8,8,1.55,0.91,12,False,15.49,35,True
304,GATE_C1,RESTROOM_T5,5,1.1,1.42,9,False,15.19,35,True
305,GATE_D1,RESTROOM_T7,7,1.38,1.34,13,False,18.36,35,True
306,GATE_B3,STARBUCKS_T4,4,1.49,1.18,16,False,19.33,35,True
307,GATE_C2,DUNKIN_T5,5,1.79,0.88,17,True,21.36,35,True
308,GATE_D2,RESTROOM_T7,7,1.87,1.3,5,True,6.99,35,True
309,GATE_D2,RESTROOM_T7,7,1.15,1.44,9,False,12.59,35,True
310,GATE_C2,RESTROOM_T5,5,1.45,1.06,12,False,14.08,35,True
311,GATE_C1,DUNKIN_T5,5,1.53,1.12,5,False,13.68,35,True
312,GATE_C3,STARBUCKS_T5,5,1.53,1.13,19,False,22.0,35,True
313,GATE_D2,SHAKE_SHACK_T7,7,1.41,1.07,13,False,18.67,35,True
314,GATE_B3,MC_DONALDS_T4,4,1.41,1.2,20,False,27.21,35,True
315,GATE_B1,RESTROOM_T4,4,1.23,1.42,9,False,13.5,35,True
316,GATE_A3,RESTROOM_T8,8,1.45,0.93,18,False,19.36,35,True
317,GATE_D2,SHAKE_SHACK_T7,7,1.37,0.88,7,False,11.8,35,True
318,GATE_C2,STARBUCKS_T5,5,1.04,1.16,15,False,22.05,35,True
319,GATE_D2,SHAKE_SHACK_T7,7,1.36,1.0,10,False,15.49,35,True
320,GATE_A1,STARBUCKS_T8,8,1.5,0.86,11,False,16.73,35,True
321,GATE_A3,RESTROOM_T8,8,1.07,0.82,14,True,15.64,35,True
322,GATE_D2,SHAKE_SHACK_T7,7,1.16,0.99,20,False,26.36,35,True
323,GATE_A3,STARBUCKS_T8,8,1.31,1.42,17,True,23.41,35,True
324,GATE_B1,STARBUCKS_T4,4,1.54,1.4,19,False,26.05,35,True
325,GATE_B1,MC_DONALDS_T4,4,1.31,1.32,18,False,31.7,35,True
326,GATE_D2,RESTROOM_T7,7,1.62,1.31,16,False,18.32,35,True
327,GATE_A2,STARBUCKS_T8,8,1.5,1.09,7,False,12.77,35,True
328,GATE_C3,STARBUCKS_T5,5,1.31,1.04,17,False,20.23,35,True
329,GATE_C3,DUNKIN_T5,5,1.65,0.93,13,False,16.41,35,True
330,GATE_C1,RESTROOM_T5,5,1.7,1.34,6,False,9.79,35,True
331,GATE_D2,RESTROOM_T7,7,1.48,1.34,11,False,13.59,35,True
332,GATE_B3,STARBUCKS_T4,4,1.73,1.27,14,False,17.09,35,True
333,GATE_D1,RESTROOM_T7,7,1.72,1.46,7,True,11.68,35,True
334,GATE_A3,RESTROOM_T8,8,1.43,1.29,11,False,12.92,35,True
335,GATE_C2,RESTROOM_T5,5,1.22,1.33,19,False,22.12,35,True
336,GATE_C2,STARBUCKS_T5,5,1.66,0.93,10,True,13.54,35,True
337,GATE_B2,STARBUCKS_T4,4,1.07,1.48,13,True,20.83,35,True
338,GATE_A2,STARBUCKS_T8,8,1.43,0.81,10,False,14.47,35,True
339,GATE_A2,RESTROOM_T8,8,1.29,1.35,6,False,8.04,35,True
340,GATE_A1,RESTROOM_T8,8,1.51,1.19,14,True,16.92,35,True
341,GATE_C2,DUNKIN_T5,5,1.35,0.83,6,True,11.47,35,True
342,GATE_B3,MC_DONALDS_T4,4,1.63,0.9,16,False,20.66,35,True
343,GATE_A3,STARBUCKS_T8,8,1.16,1.25,5,False,11.44,35,True
344,GATE_A2,STARBUCKS_T8,8,1.36,1.22,11,False,18.07,35,True
345,GATE_A3,STARBUCKS_T8,8,1.59,1.17,19,False,23.39,35,True
346,GATE_B2,MC_DONALDS_T4,4,1.38,0.89,8,False,15.13,35,True
347,GATE_C3,RESTROOM_T5,5,1.47,1.05,10,False,12.39,35,True
348,GATE_B3,STARBUCKS_T4,4,1.21,1.38,15,False,19.82,35,True
349,GATE_D2,RESTROOM_T7,7,1.58,1.46,5,False,7.65,35,True
350,GATE_B2,MC_DONALDS_T4,4,1.54,1.08,8,False,15.72,35,True
351,GATE_B1,MC_DONALDS_T4,4,1.15,1.48,7,False,24.56,35,True
352,GATE_C1,DUNKIN_T5,5,1.59,1.31,11,False,20.75,35,True
353,GATE_C3,STARBUCKS_T5,5,1.52,1.4,6,False,9.75,35,True
354,GATE_D1,SHAKE_SHACK_T7,7,1.39,0.9,5,False,11.8,35,True
355,GATE_D2,RESTROOM_T7,7,1.66,1.33,9,False,11.3,35,True
356,GATE_C1,DUNKIN_T5,5,1.83,1.23,19,False,27.0,35,True
357,GATE_B3,STARBUCKS_T4,4,1.6,1.31,14,False,17.44,35,True
358,GATE_B1,MC_DONALDS_T4,4,0.99,0.96,8,False,21.28,35,True
359,GATE_A2,STARBUCKS_T8,8,1.1,1.28,16,False,25.18,35,True
360,GATE_A1,RESTROOM_T8,8,1.48,0.83,8,False,10.08,35,True
361,GATE_A2,STARBUCKS_T8,8,1.33,1.26,13,False,20.49,35,True
362,GATE_D2,SHAKE_SHACK_T7,7,1.25,1.34,20,False,27.96,35,True
363,GATE_A3,STARBUCKS_T8,8,1.14,1.21,18,False,24.27,35,True
364,GATE_A1,STARBUCKS_T8,8,1.57,1.21,11,False,18.73,35,True
365,GATE_B2,STARBUCKS_T4,4,1.4,1.22,15,False,19.93,35,True
366,GATE_A3,RESTROOM_T8,8,1.28,1.4,14,False,16.32,35,True
367,GATE_D2,SHAKE_SHACK_T7,7,2.1,1.44,13,False,18.11,35,True
368,GATE_A1,STARBUCKS_T8,8,1.26,1.35,9,False,19.77,35,True
369,GATE_D2,SHAKE_SHACK_T7,7,1.29,1.47,19,False,27.47,35,True
370,GATE_A2,RESTROOM_T8,8,1.33,1.21,15,False,16.77,35,True
371,GATE_C1,DUNKIN_T5,5,1.33,1.02,11,False,20.01,35,True
372,GATE_D2,RESTROOM_T7,7,1.56,0.93,17,False,18.71,35,True
373,GATE_D2,SHAKE_SHACK_T7,7,1.39,0.94,8,True,13.01,35,True
374,GATE_A2,STARBUCKS_T8,8,1.16,0.88,14,False,20.02,35,True
375,GATE_B2,STARBUCKS_T4,4,1.77,1.31,19,False,23.19,35,True
376,GATE_D1,SHAKE_SHACK_T7,7,1.65,1.17,17,False,24.46,35,True
377,GATE_B3,MC_DONALDS_T4,4,0.95,0.89,10,False,17.86,35,True
378,GATE_A1,STARBUCKS_T8,8,1.42,1.05,10,False,17.43,35,True
379,GATE_A1,STARBUCKS_T8,8,1.46,1.36,11,False,20.35,35,True
380,GATE_C1,RESTROOM_T5,5,1.26,0.98,6,False,9.77,35,True
381,GATE_A1,RESTROOM_T8,8,1.51,0.94,8,False,10.31,35,True
382,GATE_B1,STARBUCKS_T4,4,1.51,1.47,9,False,16.58,35,True
383,GATE_B2,RESTROOM_T4,4,1.36,1.3,11,True,13.02,35,True
384,GATE_A2,STARBUCKS_T8,8,1.95,1.44,16,False,21.84,35,True
385,GATE_A2,RESTROOM_T8,8,1.47,0.83,13,False,14.1,35,True
386,GATE_D2,SHAKE_SHACK_T7,7,1.32,1.27,11,False,18.16,35,True
387,GATE_C3,DUNKIN_T5,5,1.4,1.45,13,True,19.2,35,True
388,GATE_D1,SHAKE_SHACK_T7,7,1.16,1.24,10,False,21.21,35,True
389,GATE_C1,RESTROOM_T5,5,1.58,0.84,17,False,19.55,35,True
390,GATE_D2,RESTROOM_T7,7,1.46,1.46,17,True,19.87,35,True
391,GATE_D1,SHAKE_SHACK_T7,7,1.56,1.0,8,False,14.73,35,True
392,GATE_A3,STARBUCKS_T8,8,1.55,1.14,11,False,15.36,35,True
393,GATE_D2,RESTROOM_T7,7,1.39,1.27,8,False,10.62,35,True
394,GATE_A1,RESTROOM_T8,8,1.61,1.35,7,False,10.13,35,True
395,GATE_A1,RESTROOM_T8,8,1.46,1.11,19,False,21.83,35,True
396,GATE_A3,STARBUCKS_T8,8,1.92,1.31,15,False,19.03,35,True
397,GATE_C3,RESTROOM_T5,5,1.32,1.42,10,False,13.57,35,True
398,GATE_B2,STARBUCKS_T4,4,1.21,1.08,12,True,17.09,35,True
399,GATE_C1,DUNKIN_T5,5,1.8,0.84,13,False,18.5,35,True
400,GATE_B3,RESTROOM_T4,4,1.55,1.28,17,False,19.32,35,True
401,GATE_B1,RESTROOM_T4,4,1.06,1.22,7,False,11.44,35,True
402,GATE_A2,RESTROOM_T8,8,1.2,0.88,13,False,14.42,35,True
403,GATE_A2,STARBUCKS_T8,8,1.83,1.23,15,False,20.32,35,True
404,GATE_D2,SHAKE_SHACK_T7,7,1.52,1.37,11,False,17.73,35,True
405,GATE_C3,DUNKIN_T5,5,1.63,1.31,18,False,22.83,35,True
406,GATE_D2,RESTROOM_T7,7,1.47,1.25,5,True,7.45,35,True
407,GATE_B1,RESTROOM_T4,4,1.27,0.84,20,False,22.57,35,True
408,GATE_C1,STARBUCKS_T5,5,1.9,1.05,17,False,21.96,35,True
409,GATE_C2,RESTROOM_T5,5,1.73,1.02,12,False,13.68,35,True
410,GATE_D2,SHAKE_SHACK_T7,7,1.76,1.1,7,False,11.64,35,True
411,GATE_A2,RESTROOM_T8,8,1.48,0.88,20,False,21.16,35,True
412,GATE_A3,RESTROOM_T8,8,1.18,0.97,13,False,14.76,35,True
413,GATE_D2,RESTROOM_T7,7,1.77,0.93,6,False,7.51,35,True
414,GATE_C1,DUNKIN_T5,5,1.11,1.46,19,False,34.49,35,True
415,GATE_C1,DUNKIN_T5,5,1.74,1.19,15,False,23.08,35,True
416,GATE_B1,STARBUCKS_T4,4,1.33,1.22,5,False,12.13,35,True
417,GATE_D2,RESTROOM_T7,7,1.31,0.88,13,False,14.92,35,True
418,GATE_B1,STARBUCKS_T4,4,1.24,1.19,8,False,15.44,35,True
419,GATE_C3,RESTROOM_T5,5,1.63,0.86,16,False,17.77,35,True
420,GATE_A3,RESTROOM_T8,8,1.2,1.28,15,False,17.28,35,True
421,GATE_A3,STARBUCKS_T8,8,1.37,1.02,7,False,11.38,35,True
422,GATE_D2,RESTROOM_T7,7,1.23,1.35,9,False,12.14,35,True
423,GATE_C1,DUNKIN_T5,5,1.48,1.01,11,False,19.09,35,True
424,GATE_D1,SHAKE_SHACK_T7,7,1.46,1.0,17,False,24.26,35,True
425,GATE_A1,RESTROOM_T8,8,1.3,1.15,20,False,23.29,35,True
426,GATE_C2,DUNKIN_T5,5,1.48,1.18,15,False,22.06,35,True
427,GATE_B3,RESTROOM_T4,4,1.44,1.23,18,False,20.41,35,True
428,GATE_C3,RESTROOM_T5,5,1.58,1.33,12,False,14.79,35,True
429,GATE_B3,MC_DONALDS_T4,4,1.16,1.4,10,False,20.14,35,True
430,GATE_B2,MC_DONALDS_T4,4,1.55,0.84,19,False,24.96,35,True
431,GATE_B3,RESTROOM_T4,4,0.84,1.13,19,True,22.78,35,True
432,GATE_A1,RESTROOM_T8,8,1.21,0.84,7,False,9.58,35,True
433,GATE_B2,MC_DONALDS_T4,4,1.39,1.0,11,False,18.94,35,True
434,GATE_A3,STARBUCKS_T8,8,1.31,1.15,11,False,16.19,35,True
435,GATE_D2,RESTROOM_T7,7,1.34,1.16,11,False,13.48,35,True
436,GATE_C2,RESTROOM_T5,5,1.03,1.02,7,False,9.83,35,True
437,GATE_A1,RESTROOM_T8,8,0.87,1.31,17,True,22.6,35,True
438,GATE_D1,RESTROOM_T7,7,1.65,0.9,8,False,11.03,35,True
439,GATE_D2,SHAKE_SHACK_T7,7,1.47,1.37,12,False,18.95,35,True
440,GATE_C2,STARBUCKS_T5,5,1.72,1.04,9,False,12.78,35,True
441,GATE_A1,RESTROOM_T8,8,1.52,0.84,16,False,18.07,35,True
442,GATE_D1,RESTROOM_T7,7,1.63,1.47,20,False,24.99,35,True
443,GATE_C2,RESTROOM_T5,5,1.21,1.43,11,True,14.39,35,True
444,GATE_D1,SHAKE_SHACK_T7,7,0.9,1.1,14,False,26.82,35,True
445,GATE_B2,MC_DONALDS_T4,4,1.48,1.19,11,True,19.83,35,True
446,GATE_B1,MC_DONALDS_T4,4,1.56,1.48,6,False,18.89,35,True
447,GATE_D1,SHAKE_SHACK_T7,7,1.1,1.27,15,False,27.26,35,True
448,GATE_B3,RESTROOM_T4,4,1.22,1.12,20,False,22.6,35,True
449,GATE_C3,DUNKIN_T5,5,1.35,1.39,17,False,23.2,35,True
450,GATE_D1,SHAKE_SHACK_T7,7,1.35,0.93,8,False,15.27,35,True
451,GATE_A1,RESTROOM_T8,8,1.28,1.32,5,False,8.86,35,True
452,GATE_A1,RESTROOM_T8,8,1.2,0.91,16,False,18.84,35,True
453,GATE_A3,STARBUCKS_T8,8,1.06,0.93,11,False,16.25,35,True
454,GATE_C2,RESTROOM_T5,5,1.35,1.33,11,False,13.83,35,True
455,GATE_A2,STARBUCKS_T8,8,2.1,1.2,13,False,17.51,35,True
456,GATE_D2,RESTROOM_T7,7,1.58,1.14,9,False,11.07,35,True
457,GATE_D1,SHAKE_SHACK_T7,7,1.62,1.35,5,False,13.77,35,True
458,GATE_C1,STARBUCKS_T5,5,2.01,1.21,7,True,12.4,35,True
459,GATE_C2,RESTROOM_T5,5,1.61,0.95,9,True,10.69,35,True
460,GATE_A2,RESTROOM_T8,8,1.41,1.3,18,False,19.79,35,True
461,GATE_A2,RESTROOM_T8,8,1.03,1.3,14,False,16.46,35,True
462,GATE_B2,MC_DONALDS_T4,4,1.87,0.83,15,False,19.87,35,True
463,GATE_B1,RESTROOM_T4,4,1.27,1.48,19,False,23.54,35,True
464,GATE_C2,DUNKIN_T5,5,1.15,1.17,6,False,15.02,35,True
465,GATE_A1,RESTROOM_T8,8,1.73,1.43,6,False,9.07,35,True
466,GATE_A3,RESTROOM_T8,8,1.56,0.89,17,False,18.22,35,True
467,GATE_D1,RESTROOM_T7,7,1.64,1.42,15,False,19.77,35,True
468,GATE_D2,SHAKE_SHACK_T7,7,1.82,1.0,11,True,15.1,35,True
469,GATE_C3,STARBUCKS_T5,5,1.6,1.33,5,False,8.39,35,True
470,GATE_A3,RESTROOM_T8,8,1.66,1.21,13,False,14.55,35,True
471,GATE_A3,STARBUCKS_T8,8,1.5,1.42,20,True,25.62,35,True
472,GATE_D1,RESTROOM_T7,7,1.2,1.12,13,True,18.16,35,True
473,GATE_B3,RESTROOM_T4,4,1.53,1.33,15,True,17.46,35,True
474,GATE_B1,MC_DONALDS_T4,4,1.55,1.11,8,False,17.68,35,True
475,GATE_B3,RESTROOM_T4,4,1.11,1.28,14,False,17.27,35,True
476,GATE_C2,STARBUCKS_T5,5,1.58,1.39,8,False,13.57,35,True
477,GATE_D2,SHAKE_SHACK_T7,7,1.23,1.17,14,False,21.06,35,True
478,GATE_D2,RESTROOM_T7,7,1.13,1.28,17,False,20.24,35,True
479,GATE_A3,STARBUCKS_T8,8,1.65,0.87,10,False,13.15,35,True
480,GATE_B3,STARBUCKS_T4,4,1.57,0.87,6,False,8.33,35,True
481,GATE_D2,RESTROOM_T7,7,1.34,1.12,14,False,16.4,35,True
482,GATE_D2,RESTROOM_T7,7,1.54,1.15,8,False,10.14,35,True
483,GATE_B3,MC_DONALDS_T4,4,1.15,1.2,18,False,26.8,35,True
484,GATE_D1,RESTROOM_T7,7,1.47,1.19,20,True,24.48,35,True
485,GATE_B2,MC_DONALDS_T4,4,1.37,1.06,17,False,25.49,35,True
486,GATE_C3,RESTROOM_T5,5,1.18,1.45,16,True,20.11,35,True
487,GATE_B1,RESTROOM_T4,4,1.03,0.96,10,False,13.61,35,True
488,GATE_A2,RESTROOM_T8,8,1.73,1.0,11,False,12.13,35,True
489,GATE_B2,RESTROOM_T4,4,1.89,0.86,7,False,7.96,35,True
490,GATE_C2,DUNKIN_T5,5,1.4,1.49,8,False,17.47,35,True
491,GATE_C2,RESTROOM_T5,5,0.89,1.0,12,True,15.19,35,True
492,GATE_B2,RESTROOM_T4,4,1.51,1.08,10,False,11.5,35,True
493,GATE_A3,STARBUCKS_T8,8,1.56,1.09,12,False,16.12,35,True
494,GATE_C3,RESTROOM_T5,5,1.5,0.88,17,False,18.95,35,True
495,GATE_D2,SHAKE_SHACK_T7,7,2.19,1.08,9,False,12.65,35,True
496,GATE_A3,RESTROOM_T8,8,1.57,1.14,18,False,19.56,35,True
497,GATE_B2,MC_DONALDS_T4,4,1.78,1.0,16,False,22.16,35,True
498,GATE_B1,MC_DONALDS_T4,4,1.02,1.31,5,False,22.48,35,True
499,GATE_B2,RESTROOM_T4,4,1.59,1.33,5,False,6.76,35,True
500,GATE_B3,MC_DONALDS_T4,4,1.41,1.11,18,False,24.63,35,True
501,GATE_D2,SHAKE_SHACK_T7,7,1.35,0.97,18,False,23.34,35,True
502,GATE_D2,RESTROOM_T7,7,1.49,1.17,13,False,15.25,35,True
503,GATE_D1,SHAKE_SHACK_T7,7,1.11,1.31,19,False,31.4,35,True
504,GATE_A3,RESTROOM_T8,8,1.55,1.09,7,False,8.51,35,True
505,GATE_A1,STARBUCKS_T8,8,1.64,1.39,10,False,18.51,35,True
506,GATE_B3,MC_DONALDS_T4,4,1.1,1.23,10,False,19.46,35,True
507,GATE_D2,SHAKE_SHACK_T7,7,1.35,0.91,20,True,25.0,35,True
508,GATE_B3,STARBUCKS_T4,4,1.17,1.0,8,False,11.62,35,True
509,GATE_B1,STARBUCKS_T4,4,1.26,1.28,6,False,13.89,35,True
510,GATE_C2,STARBUCKS_T5,5,1.38,1.13,14,False,19.15,35,True
511,GATE_C1,DUNKIN_T5,5,1.74,1.44,15,False,24.81,35,True
512,GATE_B1,RESTROOM_T4,4,1.45,1.13,14,False,17.03,35,True
513,GATE_D1,RESTROOM_T7,7,1.74,1.15,8,True,11.65,35,True
514,GATE_D1,RESTROOM_T7,7,1.19,1.09,19,False,24.07,35,True
515,GATE_B3,RESTROOM_T4,4,1.47,0.9,6,False,7.73,35,True
516,GATE_A2,RESTROOM_T8,8,1.45,1.45,5,True,6.95,35,True
517,GATE_D1,SHAKE_SHACK_T7,7,1.47,1.02,13,False,20.33,35,True
518,GATE_D2,SHAKE_SHACK_T7,7,1.08,0.8,16,False,21.53,35,True
519,GATE_D2,SHAKE_SHACK_T7,7,1.44,1.24,5,False,11.39,35,True
520,GATE_C3,STARBUCKS_T5,5,1.51,0.91,17,False,19.46,35,True
521,GATE_C2,RESTROOM_T5,5,1.76,0.92,7,False,8.5,35,True
522,GATE_B2,STARBUCKS_T4,4,1.31,1.31,17,False,22.68,35,True
523,GATE_D2,RESTROOM_T7,7,1.6,1.24,17,False,19.23,35,True
524,GATE_C3,STARBUCKS_T5,5,1.09,1.46,6,False,11.46,35,True
525,GATE_A2,RESTROOM_T8,8,1.28,1.05,20,False,21.59,35,True
526,GATE_B1,MC_DONALDS_T4,4,1.25,0.82,17,False,25.85,35,True
527,GATE_B2,RESTROOM_T4,4,1.73,1.2,13,False,14.46,35,True
528,GATE_B2,STARBUCKS_T4,4,1.17,1.38,16,False,22.69,35,True
529,GATE_A2,STARBUCKS_T8,8,1.5,0.87,6,False,10.57,35,True
530,GATE_A2,RESTROOM_T8,8,1.32,0.87,6,False,7.27,35,True
531,GATE_D1,RESTROOM_T7,7,1.27,1.38,8,False,13.97,35,True
532,GATE_C1,STARBUCKS_T5,5,1.48,1.18,16,False,23.16,35,True
533,GATE_B1,STARBUCKS_T4,4,1.22,1.13,11,False,18.21,35,True
534,GATE_C3,DUNKIN_T5,5,1.26,1.4,11,False,17.68,35,True
535,GATE_B1,STARBUCKS_T4,4,1.57,1.02,12,False,17.03,35,True
536,GATE_D2,SHAKE_SHACK_T7,7,1.27,1.46,12,False,20.56,35,True
537,GATE_B1,MC_DONALDS_T4,4,1.35,0.95,14,False,23.58,35,True
538,GATE_C2,RESTROOM_T5,5,1.8,1.5,17,False,19.37,35,True
539,GATE_D2,SHAKE_SHACK_T7,7,1.64,1.19,9,False,14.38,35,True
540,GATE_B3,STARBUCKS_T4,4,1.35,1.46,7,False,11.57,35,True
541,GATE_C2,STARBUCKS_T5,5,1.62,1.46,16,False,21.66,35,True
542,GATE_B3,RESTROOM_T4,4,1.45,1.37,12,True,14.68,35,True
543,GATE_D2,SHAKE_SHACK_T7,7,1.37,1.02,18,False,23.56,35,True
544,GATE_D1,RESTROOM_T7,7,1.25,0.88,8,False,11.89,35,True
545,GATE_D2,RESTROOM_T7,7,1.25,1.06,14,False,16.42,35,True
546,GATE_C3,RESTROOM_T5,5,1.33,1.39,19,False,22.49,35,True
547,GATE_A1,RESTROOM_T8,8,1.58,1.1,19,False,21.59,35,True
548,GATE_C3,RESTROOM_T5,5,0.97,0.98,19,True,22.37,35,True
549,GATE_C2,DUNKIN_T5,5,1.52,0.92,5,False,10.42,35,True
550,GATE_B1,MC_DONALDS_T4,4,1.38,0.87,10,False,18.52,35,True
551,GATE_A1,RESTROOM_T8,8,1.38,1.03,18,False,20.8,35,True
552,GATE_D1,SHAKE_SHACK_T7,7,1.0,1.07,10,True,21.34,35,True
553,GATE_D2,RESTROOM_T7,7,1.15,1.25,5,False,8.11,35,True
554,GATE_D1,RESTROOM_T7,7,1.42,0.94,14,False,17.66,35,True
555,GATE_A3,STARBUCKS_T8,8,1.68,0.93,11,False,14.29,35,True
556,GATE_C1,STARBUCKS_T5,5,1.7,1.07,18,False,23.68,35,True
557,GATE_D1,RESTROOM_T7,7,1.28,1.31,20,False,25.64,35,True
558,GATE_D1,RESTROOM_T7,7,1.56,0.93,9,False,12.3,35,True
559,GATE_C3,STARBUCKS_T5,5,1.52,1.19,17,False,20.19,35,True
560,GATE_C2,STARBUCKS_T5,5,1.23,0.81,7,False,11.18,35,True
561,GATE_B3,RESTROOM_T4,4,1.13,1.27,19,False,22.19,35,True
562,GATE_A1,RESTROOM_T8,8,1.26,1.15,7,True,10.39,35,True
563,GATE_D1,SHAKE_SHACK_T7,7,1.6,0.95,15,False,21.3,35,True
564,GATE_A2,STARBUCKS_T8,8,1.63,1.39,14,False,20.74,35,True
565,GATE_D1,SHAKE_SHACK_T7,7,1.11,1.33,7,False,19.66,35,True
566,GATE_A1,RESTROOM_T8,8,1.49,1.3,13,False,16.25,35,True
567,GATE_A2,STARBUCKS_T8,8,1.53,1.03,19,False,24.34,35,True
568,GATE_A1,STARBUCKS_T8,8,1.29,1.1,10,False,18.5,35,True
569,GATE_D1,SHAKE_SHACK_T7,7,1.57,1.01,11,True,17.8,35,True
570,GATE_D1,SHAKE_SHACK_T7,7,1.82,1.36,9,False,16.87,35,True
571,GATE_C2,RESTROOM_T5,5,1.12,1.3,8,False,11.32,35,True
572,GATE_B2,STARBUCKS_T4,4,1.42,0.92,14,False,17.66,35,True
573,GATE_B3,MC_DONALDS_T4,4,1.46,1.47,17,False,25.48,35,True
574,GATE_D1,RESTROOM_T7,7,1.4,1.26,8,False,12.96,35,True
575,GATE_C1,RESTROOM_T5,5,1.0,1.27,9,False,15.12,35,True
576,GATE_D1,RESTROOM_T7,7,1.71,0.97,12,False,15.13,35,True
577,GATE_C1,RESTROOM_T5,5,1.53,0.88,14,False,16.78,35,True
578,GATE_B2,RESTROOM_T4,4,1.39,1.25,8,False,9.91,35,True
579,GATE_C3,RESTROOM_T5,5,0.81,0.97,15,False,19.02,35,True
580,GATE_C2,RESTROOM_T5,5,1.61,1.42,15,False,17.5,35,True
581,GATE_A2,RESTROOM_T8,8,1.02,1.43,19,False,21.72,35,True
582,GATE_B1,RESTROOM_T4,4,1.87,0.87,19,False,20.8,35,True
583,GATE_D2,RESTROOM_T7,7,1.49,1.39,9,False,11.68,35,True
584,GATE_B3,MC_DONALDS_T4,4,1.28,1.29,20,True,28.52,35,True
585,GATE_C3,STARBUCKS_T5,5,1.65,1.18,5,False,7.92,35,True
586,GATE_B2,MC_DONALDS_T4,4,1.22,1.0,5,False,14.06,35,True
587,GATE_B1,STARBUCKS_T4,4,1.53,1.13,14,False,19.77,35,True
588,GATE_D2,SHAKE_SHACK_T7,7,1.33,1.11,7,False,13.21,35,True
589,GATE_C3,STARBUCKS_T5,5,1.05,0.92,7,False,10.56,35,True
590,GATE_B1,RESTROOM_T4,4,1.68,1.16,12,False,14.68,35,True
591,GATE_C1,RESTROOM_T5,5,1.06,1.4,16,False,22.34,35,True
592,GATE_D2,RESTROOM_T7,7,1.41,0.99,14,False,16.01,35,True
593,GATE_B2,STARBUCKS_T4,4,1.41,1.49,8,True,13.99,35,True
594,GATE_D2,SHAKE_SHACK_T7,7,1.37,1.2,15,True,21.53,35,True
595,GATE_A2,STARBUCKS_T8,8,1.88,0.91,19,False,22.81,35,True
596,GATE_B2,STARBUCKS_T4,4,1.13,0.89,13,False,17.49,35,True
597,GATE_D1,RESTROOM_T7,7,1.56,0.98,16,False,19.44,35,True
598,GATE_A2,RESTROOM_T8,8,1.41,0.99,8,False,9.36,35,True
599,GATE_C3,RESTROOM_T5,5,1.6,1.0,11,False,13.09,35,True
600,GATE_C2,RESTROOM_T5,5,1.27,1.36,10,False,13.04,35,True
601,GATE_A1,RESTROOM_T8,8,1.31,1.13,15,False,18.21,35,True
602,GATE_B2,RESTROOM_T4,4,1.12,1.06,7,False,9.0,35,True
603,GATE_B2,STARBUCKS_T4,4,1.95,1.16,11,False,14.36,35,True
604,GATE_A1,RESTROOM_T8,8,1.16,1.35,12,False,16.34,35,True
605,GATE_A3,RESTROOM_T8,8,1.49,1.04,8,False,9.49,35,True
606,GATE_A3,RESTROOM_T8,8,1.34,0.89,5,True,6.41,35,True
607,GATE_B1,MC_DONALDS_T4,4,1.51,1.13,18,False,28.19,35,True
608,GATE_D1,RESTROOM_T7,7,1.3,1.39,15,True,20.91,35,True
609,GATE_D1,SHAKE_SHACK_T7,7,1.81,1.31,19,False,26.59,35,True
610,GATE_D1,RESTROOM_T7,7,0.58,1.19,12,False,23.27,35,True
611,GATE_B3,STARBUCKS_T4,4,1.83,1.12,20,True,22.59,35,True
612,GATE_D1,RESTROOM_T7,7,1.67,1.39,15,False,19.59,35,True
613,GATE_C1,STARBUCKS_T5,5,1.18,1.38,19,False,29.49,35,True
614,GATE_D1,RESTROOM_T7,7,1.44,0.87,5,True,8.34,35,True
615,GATE_B1,MC_DONALDS_T4,4,1.4,0.86,9,True,17.34,35,True
616,GATE_C1,RESTROOM_T5,5,1.12,1.24,5,False,10.33,35,True
617,GATE_C2,STARBUCKS_T5,5,1.59,1.46,11,False,16.8,35,True
618,GATE_D2,RESTROOM_T7,7,1.12,0.99,10,False,12.53,35,True
619,GATE_D2,SHAKE_SHACK_T7,7,1.5,0.9,9,False,13.51,35,True
620,GATE_D1,RESTROOM_T7,7,0.97,0.96,18,False,23.43,35,True
621,GATE_C1,RESTROOM_T5,5,1.49,1.03,13,False,16.31,35,True
622,GATE_C3,RESTROOM_T5,5,1.27,1.3,13,False,16.43,35,True
623,GATE_C2,STARBUCKS_T5,5,1.05,0.87,8,False,13.2,35,True
624,GATE_D1,RESTROOM_T7,7,1.07,1.29,19,False,25.66,35,True
625,GATE_D1,RESTROOM_T7,7,0.88,1.17,13,False,20.35,35,True
626,GATE_A3,RESTROOM_T8,8,1.48,1.42,6,True,8.03,35,True
627,GATE_D2,RESTROOM_T7,7,1.19,1.29,19,False,22.1,35,True
628,GATE_C1,STARBUCKS_T5,5,1.3,0.89,15,False,21.15,35,True
629,GATE_D2,SHAKE_SHACK_T7,7,1.28,1.19,20,False,26.93,35,True
630,GATE_D2,RESTROOM_T7,7,1.59,1.04,20,False,21.88,35,True
631,GATE_D2,SHAKE_SHACK_T7,7,1.56,1.36,6,False,12.52,35,True
632,GATE_D2,RESTROOM_T7,7,1.31,1.41,6,False,9.08,35,True
633,GATE_A3,RESTROOM_T8,8,1.61,1.43,16,False,17.9,35,True
634,GATE_C2,RESTROOM_T5,5,1.38,1.36,5,False,7.8,35,True
635,GATE_B3,MC_DONALDS_T4,4,1.59,1.46,7,False,14.76,35,True
636,GATE_B3,MC_DONALDS_T4,4,1.49,1.48,9,False,17.39,35,True
637,GATE_C3,STARBUCKS_T5,5,1.19,0.97,13,False,16.31,35,True
638,GATE_C3,STARBUCKS_T5,5,1.21,1.26,15,True,19.26,35,True
639,GATE_A2,STARBUCKS_T8,8,1.38,1.29,5,False,12.4,35,True
640,GATE_A1,RESTROOM_T8,8,1.51,0.92,9,False,11.28,35,True
641,GATE_A3,RESTROOM_T8,8,1.03,1.27,20,False,22.63,35,True
642,GATE_C3,STARBUCKS_T5,5,1.5,1.38,14,False,17.73,35,True
643,GATE_C1,DUNKIN_T5,5,1.47,1.11,14,False,22.92,35,True
644,GATE_C2,RESTROOM_T5,5,1.43,1.36,12,False,14.71,35,True
645,GATE_D1,RESTROOM_T7,7,1.27,1.28,12,False,17.55,35,True
646,GATE_D1,SHAKE_SHACK_T7,7,1.33,1.04,18,False,26.27,35,True
647,GATE_C1,STARBUCKS_T5,5,1.65,0.97,20,False,25.28,35,True
648,GATE_C1,DUNKIN_T5,5,1.63,1.31,16,True,25.57,35,True
649,GATE_D1,SHAKE_SHACK_T7,7,1.57,1.08,15,False,22.26,35,True
650,GATE_B2,MC_DONALDS_T4,4,1.55,0.86,14,True,20.07,35,True
651,GATE_B2,STARBUCKS_T4,4,1.2,0.95,14,False,18.48,35,True
652,GATE_D2,SHAKE_SHACK_T7,7,1.44,1.23,17,False,23.36,35,True
653,GATE_D1,RESTROOM_T7,7,1.33,1.32,7,False,12.5,35,True
654,GATE_D2,SHAKE_SHACK_T7,7,1.42,0.94,8,False,12.92,35,True
655,GATE_C3,RESTROOM_T5,5,1.08,0.92,17,False,19.87,35,True
656,GATE_C2,RESTROOM_T5,5,1.49,1.28,20,True,22.45,35,True
657,GATE_D2,RESTROOM_T7,7,1.92,1.29,8,False,9.93,35,True
658,GATE_D2,SHAKE_SHACK_T7,7,1.36,0.81,13,False,17.44,35,True
659,GATE_C3,STARBUCKS_T5,5,1.3,1.21,17,False,20.81,35,True
660,GATE_C2,RESTROOM_T5,5,1.41,0.89,10,False,11.8,35,True
661,GATE_C3,RESTROOM_T5,5,1.47,1.04,13,False,15.36,35,True
662,GATE_D1,SHAKE_SHACK_T7,7,1.57,1.17,9,False,16.9,35,True
663,GATE_D2,RESTROOM_T7,7,1.46,1.13,9,False,11.21,35,True
664,GATE_C3,RESTROOM_T5,5,1.88,1.23,18,True,20.18,35,True
665,GATE_D1,RESTROOM_T7,7,1.47,0.96,17,False,20.59,35,True
666,GATE_A2,RESTROOM_T8,8,1.31,1.45,12,False,14.14,35,True
667,GATE_C3,RESTROOM_T5,5,1.74,1.39,7,False,9.66,35,True
668,GATE_C1,DUNKIN_T5,5,1.66,1.21,18,False,26.61,35,True
669,GATE_A1,RESTROOM_T8,8,1.16,1.42,11,False,15.55,35,True
670,GATE_A3,RESTROOM_T8,8,1.4,1.25,15,False,16.9,35,True
671,GATE_A3,STARBUCKS_T8,8,1.5,1.41,17,False,22.58,35,True
672,GATE_A2,RESTROOM_T8,8,1.06,0.9,20,False,21.64,35,True
673,GATE_B1,RESTROOM_T4,4,1.62,1.49,20,False,23.57,35,True
674,GATE_B3,MC_DONALDS_T4,4,1.15,1.38,7,True,17.13,35,True
675,GATE_D2,SHAKE_SHACK_T7,7,1.1,1.46,8,True,17.87,35,True
676,GATE_C1,STARBUCKS_T5,5,1.57,1.28,10,True,17.3,35,True
677,GATE_D2,RESTROOM_T7,7,1.35,1.02,7,False,9.16,35,True
678,GATE_D2,RESTROOM_T7,7,1.51,1.33,17,False,19.53,35,True
679,GATE_C3,DUNKIN_T5,5,1.43,1.08,15,True,19.54,35,True
680,GATE_A3,STARBUCKS_T8,8,1.45,1.23,11,False,16.03,35,True
681,GATE_A1,RESTROOM_T8,8,1.79,0.85,16,False,17.77,35,True
682,GATE_D2,RESTROOM_T7,7,1.64,1.43,17,False,19.51,35,True
683,GATE_D2,SHAKE_SHACK_T7,7,1.41,1.04,18,False,23.53,35,True
684,GATE_B1,MC_DONALDS_T4,4,1.72,0.82,12,False,18.52,35,True
685,GATE_B1,MC_DONALDS_T4,4,1.62,1.27,7,False,17.6,35,True
686,GATE_A1,RESTROOM_T8,8,1.11,1.44,17,False,21.84,35,True
687,GATE_B3,STARBUCKS_T4,4,2.06,1.18,17,False,19.41,35,True
688,GATE_A2,STARBUCKS_T8,8,1.47,1.06,7,False,12.69,35,True
689,GATE_A1,RESTROOM_T8,8,1.98,1.01,13,False,14.89,35,True
690,GATE_C2,DUNKIN_T5,5,1.18,1.3,9,False,18.77,35,True
691,GATE_B1,STARBUCKS_T4,4,1.4,0.9,11,False,16.0,35,True
692,GATE_B1,MC_DONALDS_T4,4,1.34,1.49,9,False,24.11,35,True
693,GATE_B1,STARBUCKS_T4,4,1.35,0.93,11,False,16.39,35,True
694,GATE_A1,RESTROOM_T8,8,1.39,1.46,5,False,8.91,35,True
695,GATE_B1,RESTROOM_T4,4,1.52,1.23,8,False,11.15,35,True
696,GATE_C1,STARBUCKS_T5,5,1.51,0.84,7,False,12.0,35,True
697,GATE_D2,RESTROOM_T7,7,1.49,1.25,12,False,14.41,35,True
698,GATE_B2,RESTROOM_T4,4,1.18,0.9,14,True,15.61,35,True
699,GATE_C3,DUNKIN_T5,5,1.13,1.49,13,False,20.95,35,True
700,GATE_B1,STARBUCKS_T4,4,1.17,0.94,17,True,23.24,35,True
701,GATE_C1,STARBUCKS_T5,5,1.63,0.86,5,False,9.7,35,True
702,GATE_D1,SHAKE_SHACK_T7,7,1.49,1.41,17,False,26.95,35,True
703,GATE_D2,SHAKE_SHACK_T7,7,1.39,1.35,20,False,27.25,35,True
704,GATE_D1,SHAKE_SHACK_T7,7,1.4,0.91,15,False,21.82,35,True
705,GATE_B2,MC_DONALDS_T4,4,1.08,1.41,15,False,29.34,35,True
706,GATE_B1,RESTROOM_T4,4,1.27,1.07,19,False,22.28,35,True
707,GATE_D1,SHAKE_SHACK_T7,7,1.5,1.03,16,False,23.24,35,True
708,GATE_B3,STARBUCKS_T4,4,1.33,1.15,17,True,20.64,35,True
709,GATE_A1,STARBUCKS_T8,8,1.81,1.3,8,False,15.16,35,True
710,GATE_B2,STARBUCKS_T4,4,0.96,1.24,8,False,15.3,35,True
711,GATE_D2,SHAKE_SHACK_T7,7,1.5,0.97,18,False,22.83,35,True
712,GATE_C1,RESTROOM_T5,5,1.34,0.91,12,False,15.28,35,True
713,GATE_D1,RESTROOM_T7,7,1.57,0.8,15,False,17.83,35,True
714,GATE_B1,STARBUCKS_T4,4,1.56,0.99,10,False,14.94,35,True
715,GATE_C3,STARBUCKS_T5,5,1.18,1.29,12,False,16.45,35,True
716,GATE_A3,STARBUCKS_T8,8,1.5,0.88,9,True,12.48,35,True
717,GATE_D2,RESTROOM_T7,7,1.2,1.07,11,False,13.55,35,True
718,GATE_D2,SHAKE_SHACK_T7,7,1.26,0.94,13,False,18.59,35,True
719,GATE_A1,STARBUCKS_T8,8,1.74,1.07,7,False,13.15,35,True
720,GATE_B3,RESTROOM_T4,4,1.94,1.23,19,False,20.79,35,True
721,GATE_C1,DUNKIN_T5,5,1.14,1.01,18,False,28.55,35,True
722,GATE_A2,STARBUCKS_T8,8,1.26,1.14,16,True,23.17,35,True
723,GATE_B2,RESTROOM_T4,4,1.13,1.29,7,True,9.41,35,True
724,GATE_D2,SHAKE_SHACK_T7,7,1.6,0.99,9,True,13.62,35,True
725,GATE_C2,RESTROOM_T5,5,0.93,1.16,11,True,14.56,35,True
726,GATE_B1,STARBUCKS_T4,4,1.87,1.16,14,False,18.84,35,True
727,GATE_B3,STARBUCKS_T4,4,1.49,0.99,15,False,17.8,35,True
728,GATE_A1,STARBUCKS_T8,8,1.78,0.9,15,False,20.08,35,True
729,GATE_D2,SHAKE_SHACK_T7,7,1.47,0.99,16,False,21.01,35,True
730,GATE_A2,STARBUCKS_T8,8,1.74,1.18,7,False,12.37,35,True
731,GATE_B3,STARBUCKS_T4,4,1.69,1.1,19,False,21.75,35,True
732,GATE_C2,DUNKIN_T5,5,1.05,0.87,16,False,23.36,35,True
733,GATE_C3,STARBUCKS_T5,5,1.72,1.39,13,True,16.28,35,True
734,GATE_C3,RESTROOM_T5,5,1.64,1.17,6,False,8.38,35,True
735,GATE_C3,STARBUCKS_T5,5,1.28,1.38,5,False,9.38,35,True
736,GATE_B2,MC_DONALDS_T4,4,1.65,1.34,5,False,13.95,35,True
737,GATE_A3,STARBUCKS_T8,8,2.01,0.84,7,False,9.48,35,True
738,GATE_B1,MC_DONALDS_T4,4,1.45,1.02,14,False,23.57,35,True
739,GATE_B1,MC_DONALDS_T4,4,1.35,0.87,19,False,27.76,35,True
740,GATE_B2,RESTROOM_T4,4,1.4,0.81,7,False,8.21,35,True
741,GATE_B1,RESTROOM_T4,4,1.34,0.82,19,False,21.37,35,True
742,GATE_C3,STARBUCKS_T5,5,1.0,0.91,15,False,18.72,35,True
743,GATE_C3,RESTROOM_T5,5,1.5,1.14,13,False,15.53,35,True
744,GATE_C1,STARBUCKS_T5,5,1.51,1.44,12,False,20.61,35,True
745,GATE_B1,STARBUCKS_T4,4,1.43,1.21,8,False,14.56,35,True
746,GATE_C3,DUNKIN_T5,5,1.64,1.18,5,False,9.32,35,True
747,GATE_B3,RESTROOM_T4,4,1.42,1.07,9,False,11.14,35,True
748,GATE_D2,RESTROOM_T7,7,1.68,1.02,17,True,18.74,35,True
749,GATE_C3,RESTROOM_T5,5,1.35,1.28,8,False,11.17,35,True
750,GATE_B3,STARBUCKS_T4,4,0.93,1.15,19,True,24.19,35,True
751,GATE_C1,DUNKIN_T5,5,1.66,1.45,15,False,25.35,35,True
752,GATE_B2,MC_DONALDS_T4,4,1.63,0.95,14,False,20.4,35,True
753,GATE_A3,STARBUCKS_T8,8,1.38,1.39,5,False,10.99,35,True
754,GATE_D1,SHAKE_SHACK_T7,7,0.98,1.49,15,False,30.99,35,True
755,GATE_A1,STARBUCKS_T8,8,1.46,1.03,6,False,13.07,35,True
756,GATE_B3,MC_DONALDS_T4,4,1.69,1.02,9,False,14.08,35,True
757,GATE_B3,STARBUCKS_T4,4,1.67,1.44,12,True,15.65,35,True
758,GATE_B2,RESTROOM_T4,4,1.05,0.93,16,False,17.87,35,True
759,GATE_C1,STARBUCKS_T5,5,1.54,1.37,14,True,22.0,35,True
760,GATE_C2,STARBUCKS_T5,5,1.35,0.95,7,False,11.4,35,True
761,GATE_A3,RESTROOM_T8,8,1.59,1.12,12,False,13.5,35,True
762,GATE_A1,RESTROOM_T8,8,1.34,1.47,20,False,24.08,35,True
763,GATE_D2,RESTROOM_T7,7,1.42,1.2,12,False,14.42,35,True
764,GATE_A1,STARBUCKS_T8,8,1.21,1.29,14,False,24.67,35,True
765,GATE_D1,SHAKE_SHACK_T7,7,0.87,1.48,11,False,28.92,35,True
766,GATE_C3,RESTROOM_T5,5,1.37,0.87,11,False,13.11,35,True
767,GATE_D2,RESTROOM_T7,7,1.63,0.99,19,False,20.74,35,True
768,GATE_D2,RESTROOM_T7,7,1.39,1.08,20,False,22.24,35,True
769,GATE_C1,RESTROOM_T5,5,1.75,0.81,17,False,19.22,35,True
770,GATE_A3,STARBUCKS_T8,8,1.59,1.37,5,False,10.12,35,True
771,GATE_C2,RESTROOM_T5,5,1.45,0.87,6,False,7.7,35,True
772,GATE_A1,STARBUCKS_T8,8,1.32,0.85,6,False,12.42,35,True
773,GATE_D2,SHAKE_SHACK_T7,7,1.42,1.31,8,False,14.85,35,True
774,GATE_C2,RESTROOM_T5,5,1.76,1.09,16,False,17.77,35,True
775,GATE_C3,DUNKIN_T5,5,1.19,0.92,13,False,17.67,35,True
776,GATE_C3,DUNKIN_T5,5,1.25,0.94,17,True,21.51,35,True
777,GATE_A2,RESTROOM_T8,8,1.39,0.98,10,False,11.37,35,True
778,GATE_D1,SHAKE_SHACK_T7,7,1.46,0.82,16,True,21.92,35,True
779,GATE_A1,STARBUCKS_T8,8,1.33,0.82,11,False,17.2,35,True
780,GATE_A2,RESTROOM_T8,8,1.65,0.92,6,False,7.08,35,True
781,GATE_B3,MC_DONALDS_T4,4,1.84,1.05,14,False,18.83,35,True
782,GATE_C2,DUNKIN_T5,5,1.28,1.31,11,False,20.13,35,True
783,GATE_C2,DUNKIN_T5,5,1.19,1.35,8,False,18.1,35,True
784,GATE_B2,RESTROOM_T4,4,1.43,1.15,20,False,21.7,35,True
785,GATE_A2,STARBUCKS_T8,8,1.55,0.96,8,False,12.9,35,True
786,GATE_D1,RESTROOM_T7,7,1.47,1.17,20,False,24.4,35,True
787,GATE_A2,STARBUCKS_T8,8,1.29,1.05,9,False,15.43,35,True
788,GATE_D2,SHAKE_SHACK_T7,7,1.1,1.47,19,False,28.95,35,True
789,GATE_D2,SHAKE_SHACK_T7,7,1.02,1.02,7,False,14.45,35,True
790,GATE_A1,RESTROOM_T8,8,1.54,1.15,6,False,8.77,35,True
791,GATE_A2,RESTROOM_T8,8,1.59,1.03,10,True,11.27,35,True
792,GATE_D2,RESTROOM_T7,7,1.67,1.05,13,False,14.8,35,True
793,GATE_C2,STARBUCKS_T5,5,1.48,0.92,20,False,23.91,35,True
794,GATE_A3,RESTROOM_T8,8,1.55,1.36,11,False,12.87,35,True
795,GATE_D1,RESTROOM_T7,7,1.6,1.18,7,False,11.06,35,True
796,GATE_A1,STARBUCKS_T8,8,1.27,1.29,7,False,17.21,35,True
797,GATE_A2,STARBUCKS_T8,8,1.62,1.09,10,False,15.31,35,True
798,GATE_A3,STARBUCKS_T8,8,1.55,1.15,8,False,12.39,35,True
799,GATE_B1,RESTROOM_T4,4,1.73,0.88,12,False,13.98,35,True
800,GATE_C2,DUNKIN_T5,5,0.82,1.39,5,False,20.0,35,True
801,GATE_C3,STARBUCKS_T5,5,1.55,0.88,8,False,10.32,35,True
802,GATE_C1,STARBUCKS_T5,5,1.23,1.21,11,False,19.84,35,True
803,GATE_A2,STARBUCKS_T8,8,1.8,1.5,5,False,11.59,35,True
804,GATE_B2,STARBUCKS_T4,4,1.4,1.31,19,False,24.3,35,True
805,GATE_A3,RESTROOM_T8,8,1.31,1.25,14,False,16.05,35,True
806,GATE_A2,RESTROOM_T8,8,1.35,0.9,8,False,9.3,35,True
807,GATE_D1,SHAKE_SHACK_T7,7,1.76,1.3,6,False,13.78,35,True
808,GATE_D1,RESTROOM_T7,7,1.53,1.35,19,True,23.88,35,True
809,GATE_C2,RESTROOM_T5,5,1.06,1.5,17,False,21.02,35,True
810,GATE_C3,RESTROOM_T5,5,1.75,0.97,16,False,17.85,35,True
811,GATE_A2,RESTROOM_T8,8,1.49,0.89,18,False,19.16,35,True
812,GATE_C2,DUNKIN_T5,5,1.73,1.11,20,False,25.73,35,True
813,GATE_A3,STARBUCKS_T8,8,1.52,1.42,16,False,21.52,35,True
814,GATE_B2,RESTROOM_T4,4,1.25,1.17,16,False,17.97,35,True
815,GATE_C3,RESTROOM_T5,5,1.47,1.49,14,False,17.38,35,True
816,GATE_A1,RESTROOM_T8,8,1.5,1.33,14,False,17.31,35,True
817,GATE_B1,MC_DONALDS_T4,4,1.08,1.05,7,False,20.22,35,True
818,GATE_A3,STARBUCKS_T8,8,1.46,1.29,16,True,21.23,35,True
819,GATE_B2,MC_DONALDS_T4,4,1.36,1.0,15,False,23.06,35,True
820,GATE_D2,RESTROOM_T7,7,1.96,1.41,13,False,15.06,35,True
821,GATE_B1,MC_DONALDS_T4,4,1.54,1.41,5,False,17.44,35,True
822,GATE_B3,STARBUCKS_T4,4,1.67,1.41,19,True,22.56,35,True
823,GATE_B2,RESTROOM_T4,4,1.73,1.45,14,False,15.76,35,True
824,GATE_B1,RESTROOM_T4,4,1.53,0.99,19,False,21.52,35,True
825,GATE_A3,STARBUCKS_T8,8,1.33,1.16,9,False,14.15,35,True
826,GATE_C2,STARBUCKS_T5,5,1.5,1.37,7,False,12.76,35,True
827,GATE_B2,MC_DONALDS_T4,4,0.81,0.9,17,False,29.21,35,True
828,GATE_B1,MC_DONALDS_T4,4,1.33,0.88,17,False,25.99,35,True
829,GATE_A1,RESTROOM_T8,8,1.08,1.27,18,False,22.38,35,True
830,GATE_A3,STARBUCKS_T8,8,1.6,1.07,15,True,18.95,35,True
831,GATE_C1,STARBUCKS_T5,5,1.58,1.41,20,False,28.02,35,True
832,GATE_B2,STARBUCKS_T4,4,0.91,1.01,8,False,14.23,35,True
833,GATE_D2,SHAKE_SHACK_T7,7,1.27,0.96,12,False,17.66,35,True
834,GATE_A1,RESTROOM_T8,8,1.95,1.45,10,False,12.77,35,True
835,GATE_A3,RESTROOM_T8,8,1.82,0.98,5,False,6.14,35,True
836,GATE_B3,RESTROOM_T4,4,1.47,1.42,12,False,14.72,35,True
837,GATE_C3,RESTROOM_T5,5,1.45,1.07,14,True,16.46,35,True
838,GATE_D2,SHAKE_SHACK_T7,7,1.7,1.5,17,False,23.56,35,True
839,GATE_C3,RESTROOM_T5,5,1.11,0.82,10,False,12.46,35,True
840,GATE_A1,STARBUCKS_T8,8,1.32,1.23,19,False,28.33,35,True
841,GATE_D2,SHAKE_SHACK_T7,7,1.41,1.32,17,False,24.0,35,True
842,GATE_C2,STARBUCKS_T5,5,1.15,0.83,10,False,14.55,35,True
843,GATE_C3,DUNKIN_T5,5,1.07,1.05,17,False,22.9,35,True
844,GATE_D2,SHAKE_SHACK_T7,7,1.32,1.48,8,True,16.36,35,True
845,GATE_C1,STARBUCKS_T5,5,1.67,1.03,18,False,23.56,35,True
846,GATE_D1,RESTROOM_T7,7,1.98,1.29,14,False,17.59,35,True
847,GATE_B1,STARBUCKS_T4,4,1.81,0.82,7,False,10.53,35,True
848,GATE_C3,RESTROOM_T5,5,1.28,1.19,9,False,12.09,35,True
849,GATE_D1,RESTROOM_T7,7,1.53,0.86,7,False,10.08,35,True
850,GATE_D2,RESTROOM_T7,7,1.74,1.35,14,False,16.22,35,True
851,GATE_A1,STARBUCKS_T8,8,1.19,0.85,15,True,22.15,35,True
852,GATE_C3,RESTROOM_T5,5,1.72,1.32,18,False,20.56,35,True
853,GATE_C2,DUNKIN_T5,5,1.41,1.12,19,False,26.06,35,True
854,GATE_C3,STARBUCKS_T5,5,1.38,1.31,16,False,19.86,35,True
855,GATE_C2,STARBUCKS_T5,5,1.71,1.2,14,False,18.43,35,True
856,GATE_D2,RESTROOM_T7,7,1.3,1.33,10,False,12.91,35,True
857,GATE_A2,STARBUCKS_T8,8,1.63,1.04,15,False,20.04,35,True
858,GATE_B1,RESTROOM_T4,4,1.26,1.17,18,False,21.61,35,True
859,GATE_B1,STARBUCKS_T4,4,1.44,1.48,6,False,13.95,35,True
860,GATE_B3,RESTROOM_T4,4,1.32,1.21,20,False,22.58,35,True
861,GATE_A3,STARBUCKS_T8,8,1.26,1.04,10,False,14.91,35,True
862,GATE_A3,RESTROOM_T8,8,1.56,1.39,7,True,8.9,35,True
863,GATE_C3,RESTROOM_T5,5,1.62,1.15,15,False,17.36,35,True
864,GATE_A3,RESTROOM_T8,8,1.38,1.41,7,False,9.19,35,True
865,GATE_A1,RESTROOM_T8,8,1.46,0.97,18,False,20.46,35,True
866,GATE_B1,RESTROOM_T4,4,0.63,1.45,20,False,28.92,35,True
867,GATE_C3,DUNKIN_T5,5,1.37,1.27,6,False,11.57,35,True
868,GATE_D2,SHAKE_SHACK_T7,7,1.31,1.13,13,False,19.43,35,True
869,GATE_D1,RESTROOM_T7,7,1.23,1.4,9,True,15.26,35,True
870,GATE_C2,STARBUCKS_T5,5,1.27,1.48,20,False,27.35,35,True
871,GATE_D1,RESTROOM_T7,7,1.45,1.17,8,False,12.46,35,True
872,GATE_A3,RESTROOM_T8,8,1.0,0.97,6,False,8.08,35,True
873,GATE_A2,RESTROOM_T8,8,1.36,1.33,20,False,21.89,35,True
874,GATE_A2,STARBUCKS_T8,8,1.28,1.22,10,True,17.48,35,True
875,GATE_A1,RESTROOM_T8,8,1.35,1.06,10,False,12.93,35,True
876,GATE_D2,RESTROOM_T7,7,1.54,0.82,9,False,10.53,35,True
877,GATE_D1,SHAKE_SHACK_T7,7,1.74,1.15,13,False,19.98,35,True
878,GATE_A1,STARBUCKS_T8,8,1.13,0.93,18,False,26.27,35,True
879,GATE_D2,SHAKE_SHACK_T7,7,1.16,1.31,13,True,21.37,35,True
880,GATE_D2,RESTROOM_T7,7,1.31,0.82,18,False,19.8,35,True
881,GATE_B1,MC_DONALDS_T4,4,0.85,0.92,10,False,24.66,35,True
882,GATE_A1,RESTROOM_T8,8,1.09,1.38,7,False,11.71,35,True
883,GATE_B3,RESTROOM_T4,4,1.42,1.43,6,False,8.85,35,True
884,GATE_D1,SHAKE_SHACK_T7,7,1.38,1.09,16,False,24.36,35,True
885,GATE_A2,STARBUCKS_T8,8,1.15,1.14,19,True,26.78,35,True
886,GATE_B3,STARBUCKS_T4,4,1.38,1.34,15,False,19.07,35,True
887,GATE_B1,STARBUCKS_T4,4,1.48,1.43,9,False,16.52,35,True
888,GATE_B1,RESTROOM_T4,4,1.13,0.9,15,False,18.08,35,True
889,GATE_C2,DUNKIN_T5,5,1.49,1.08,12,False,18.47,35,True
890,GATE_C1,DUNKIN_T5,5,1.31,0.93,18,False,26.44,35,True
891,GATE_D1,RESTROOM_T7,7,1.5,1.02,13,False,16.74,35,True
892,GATE_C1,STARBUCKS_T5,5,1.33,0.92,15,False,21.24,35,True
893,GATE_C2,DUNKIN_T5,5,1.29,1.48,15,False,25.2,35,True
894,GATE_C2,RESTROOM_T5,5,1.46,1.35,10,False,12.63,35,True
895,GATE_B3,STARBUCKS_T4,4,1.74,1.19,15,False,17.89,35,True
896,GATE_A1,RESTROOM_T8,8,1.23,1.01,12,False,15.04,35,True
897,GATE_C2,DUNKIN_T5,5,1.76,1.22,11,False,17.18,35,True
898,GATE_D1,RESTROOM_T7,7,1.37,0.85,14,False,17.43,35,True
899,GATE_D2,RESTROOM_T7,7,1.57,1.43,16,False,18.62,35,True
900,GATE_D1,RESTROOM_T7,7,0.96,0.99,20,False,25.68,35,True
901,GATE_B2,MC_DONALDS_T4,4,1.47,0.9,5,False,11.73,35,True
902,GATE_D1,RESTROOM_T7,7,1.45,1.03,19,False,22.93,35,True
903,GATE_C1,RESTROOM_T5,5,1.3,1.18,16,False,20.37,35,True
904,GATE_A3,RESTROOM_T8,8,1.28,1.09,6,False,7.8,35,True
905,GATE_C3,RESTROOM_T5,5,1.33,1.11,19,False,21.79,35,True
906,GATE_B1,RESTROOM_T4,4,1.45,1.05,7,False,9.82,35,True
907,GATE_C3,STARBUCKS_T5,5,1.86,0.99,13,False,15.16,35,True
908,GATE_D1,RESTROOM_T7,7,1.43,0.91,15,False,18.5,35,True
909,GATE_D2,RESTROOM_T7,7,1.55,0.8,5,False,6.48,35,True
910,GATE_C1,DUNKIN_T5,5,1.1,1.36,6,False,20.62,35,True
911,GATE_C2,RESTROOM_T5,5,1.34,0.93,5,False,6.97,35,True
912,GATE_D2,SHAKE_SHACK_T7,7,0.7,1.4,18,False,32.87,35,True
913,GATE_B1,RESTROOM_T4,4,0.87,0.89,20,False,23.99,35,True
914,GATE_D2,RESTROOM_T7,7,1.67,1.13,16,False,17.94,35,True
915,GATE_D2,SHAKE_SHACK_T7,7,1.5,0.91,8,False,12.52,35,True
916,GATE_B2,MC_DONALDS_T4,4,1.23,1.28,11,True,22.45,35,True
917,GATE_D2,RESTROOM_T7,7,1.9,1.21,19,False,20.83,35,True
918,GATE_D2,RESTROOM_T7,7,1.5,1.04,15,True,17.0,35,True
919,GATE_D1,RESTROOM_T7,7,1.49,0.88,12,False,15.26,35,True
920,GATE_A3,RESTROOM_T8,8,1.76,1.0,19,True,20.22,35,True
921,GATE_D2,RESTROOM_T7,7,1.28,0.94,19,False,21.11,35,True
922,GATE_C3,DUNKIN_T5,5,1.19,0.92,19,False,23.64,35,True
923,GATE_A1,STARBUCKS_T8,8,1.72,0.98,19,True,24.71,35,True
924,GATE_D2,RESTROOM_T7,7,1.16,1.08,6,True,8.67,35,True
925,GATE_B2,RESTROOM_T4,4,1.36,1.09,18,False,19.69,35,True
926,GATE_D1,SHAKE_SHACK_T7,7,0.97,1.17,13,False,25.71,35,True
927,GATE_A2,STARBUCKS_T8,8,1.7,0.81,18,False,21.76,35,True
928,GATE_B2,MC_DONALDS_T4,4,1.46,1.17,9,False,17.85,35,True
929,GATE_B2,MC_DONALDS_T4,4,1.31,1.44,11,False,23.04,35,True
930,GATE_A3,RESTROOM_T8,8,1.66,0.92,19,False,20.18,35,True
931,GATE_D1,SHAKE_SHACK_T7,7,1.51,1.2,11,False,19.36,35,True
932,GATE_A3,RESTROOM_T8,8,1.61,1.29,8,False,9.71,35,True
933,GATE_D1,SHAKE_SHACK_T7,7,1.29,1.47,20,False,31.97,35,True
934,GATE_C1,STARBUCKS_T5,5,1.2,1.48,5,False,16.07,35,True
935,GATE_D1,SHAKE_SHACK_T7,7,1.36,0.83,9,False,15.47,35,True
936,GATE_A3,STARBUCKS_T8,8,1.57,0.83,19,False,22.16,35,True
937,GATE_C1,STARBUCKS_T5,5,1.46,1.16,9,False,16.11,35,True
938,GATE_C2,STARBUCKS_T5,5,1.26,1.25,19,False,25.22,35,True
939,GATE_A3,RESTROOM_T8,8,1.74,1.17,6,False,7.43,35,True
940,GATE_B2,RESTROOM_T4,4,1.35,1.2,7,False,8.87,35,True
941,GATE_D1,SHAKE_SHACK_T7,7,1.13,0.95,16,False,24.85,35,True
942,GATE_C2,DUNKIN_T5,5,1.24,0.91,5,False,11.51,35,True
943,GATE_A1,STARBUCKS_T8,8,0.93,0.96,11,False,21.3,35,True
944,GATE_D2,RESTROOM_T7,7,1.24,1.21,16,False,18.8,35,True
945,GATE_B3,RESTROOM_T4,4,1.41,1.18,20,False,22.35,35,True
946,GATE_B2,RESTROOM_T4,4,1.43,1.17,19,False,20.73,35,True
947,GATE_C2,RESTROOM_T5,5,1.21,0.85,19,False,21.0,35,True
948,GATE_C1,STARBUCKS_T5,5,1.88,1.48,14,True,21.08,35,True
949,GATE_A3,RESTROOM_T8,8,1.47,1.3,7,True,8.89,35,True
950,GATE_B3,MC_DONALDS_T4,4,1.96,1.44,13,False,19.18,35,True
951,GATE_D2,RESTROOM_T7,7,1.16,1.13,10,False,12.81,35,True
952,GATE_A1,STARBUCKS_T8,8,1.21,1.14,18,False,27.48,35,True
953,GATE_D1,RESTROOM_T7,7,1.41,0.96,19,False,22.77,35,True
954,GATE_C2,STARBUCKS_T5,5,1.53,1.12,15,True,19.61,35,True
955,GATE_B1,RESTROOM_T4,4,1.14,0.87,19,False,21.96,35,True
956,GATE_A2,RESTROOM_T8,8,1.48,0.88,14,False,15.15,35,True
957,GATE_A2,STARBUCKS_T8,8,1.11,0.97,7,False,13.91,35,True
958,GATE_A3,RESTROOM_T8,8,1.44,1.42,14,False,16.11,35,True
959,GATE_B1,MC_DONALDS_T4,4,1.8,0.81,6,False,12.1,35,True
960,GATE_A3,STARBUCKS_T8,8,1.24,0.93,19,False,23.48,35,True
961,GATE_A2,STARBUCKS_T8,8,1.48,1.48,15,False,22.9,35,True
962,GATE_D2,RESTROOM_T7,7,1.82,0.85,11,True,12.34,35,True
963,GATE_C1,DUNKIN_T5,5,1.27,0.83,20,False,27.77,35,True
964,GATE_D2,SHAKE_SHACK_T7,7,1.78,1.32,6,False,11.53,35,True
965,GATE_A1,RESTROOM_T8,8,1.57,0.92,5,False,7.18,35,True
966,GATE_D2,RESTROOM_T7,7,1.45,1.23,12,False,14.42,35,True
967,GATE_D2,RESTROOM_T7,7,1.3,1.35,12,True,14.97,35,True
968,GATE_A3,STARBUCKS_T8,8,1.53,1.06,17,False,21.12,35,True
969,GATE_A3,STARBUCKS_T8,8,2.09,1.31,15,False,18.73,35,True
970,GATE_A3,STARBUCKS_T8,8,1.26,1.13,6,False,11.33,35,True
971,GATE_C2,DUNKIN_T5,5,1.3,1.5,12,True,22.25,35,True
972,GATE_A1,STARBUCKS_T8,8,1.55,0.92,5,False,10.99,35,True
973,GATE_A1,RESTROOM_T8,8,1.53,1.31,20,False,23.19,35,True
974,GATE_A2,STARBUCKS_T8,8,1.45,1.34,9,False,16.27,35,True
975,GATE_A2,RESTROOM_T8,8,1.81,0.98,7,False,8.05,35,True
976,GATE_D1,RESTROOM_T7,7,1.77,0.97,10,False,13.02,35,True
977,GATE_B1,MC_DONALDS_T4,4,0.93,1.46,17,True,38.24,35,False
978,GATE_A2,RESTROOM_T8,8,1.64,0.87,16,False,17.03,35,True
979,GATE_D1,SHAKE_SHACK_T7,7,1.51,1.08,17,False,24.54,35,True
980,GATE_D1,SHAKE_SHACK_T7,7,1.22,0.96,13,False,21.3,35,True
981,GATE_B2,STARBUCKS_T4,4,1.76,1.48,11,False,15.75,35,True
982,GATE_B3,MC_DONALDS_T4,4,1.01,1.42,18,False,29.85,35,True
983,GATE_D2,SHAKE_SHACK_T7,7,1.34,1.1,6,False,12.12,35,True
984,GATE_B1,RESTROOM_T4,4,1.68,1.35,18,False,21.13,35,True
985,GATE_B1,MC_DONALDS_T4,4,1.75,1.38,8,True,18.73,35,True
986,GATE_C3,STARBUCKS_T5,5,1.37,1.2,5,False,8.55,35,True
987,GATE_C2,DUNKIN_T5,5,1.94,0.87,17,False,21.02,35,True
988,GATE_D2,SHAKE_SHACK_T7,7,0.99,1.19,8,True,16.94,35,True
989,GATE_C1,STARBUCKS_T5,5,1.78,0.89,10,False,14.48,35,True
990,GATE_A2,STARBUCKS_T8,8,1.09,1.21,8,False,16.82,35,True
991,GATE_D2,RESTROOM_T7,7,1.35,0.89,18,False,19.89,35,True
992,GATE_C2,RESTROOM_T5,5,1.49,1.13,10,False,12.18,35,True
993,GATE_C3,RESTROOM_T5,5,1.44,1.34,9,False,12.09,35,True
994,GATE_B1,MC_DONALDS_T4,4,1.45,1.43,18,True,31.42,35,True
995,GATE_C3,RESTROOM_T5,5,1.22,1.03,10,False,12.8,35,True
996,GATE_D2,RESTROOM_T7,7,1.4,1.32,11,False,13.71,35,True
997,GATE_C2,STARBUCKS_T5,5,1.48,1.4,9,False,14.97,35,True
998,GATE_A3,RESTROOM_T8,8,1.51,1.41,17,False,19.0,35,True
999,GATE_C1,RESTROOM_T5,5,1.04,0.94,13,False,17.35,35,True
1000,GATE_B1,MC_DONALDS_T4,4,1.5,1.35,10,False,22.26,35,True
